{"force_array": [], "grasp point": [282.0, 255.0], "grasp_angle": [-0.001128818372055802, 0.002283375223880498, 0.0], "dexnet_score": 0.9441346526145935, "suction_deformation_score": 0.9977201223373413, "oscillation": false, "gripper_score": 0, "success": false, "object_id": 22, "penetration": false, "unreachable": true}